category,Receita_por_categoria,Receita_média_categoria,Vendas_por_categoria,Média_venda_categoria,DiscontoMedio_por_categoria,Avg_rating_categoria
Clothing,22996.05,3285.15,395,56.42857142857143,11.428571428571429,4.1
Electronics,347995.3,49713.614285714284,470,67.14285714285714,10.0,4.442857142857143
Home,29446.85,4907.808333333333,315,52.5,10.833333333333334,4.3999999999999995
