category,Receita_por_categoria,Receita_média_categoria,Vendas_por_categoria,Média_venda_categoria
Clothing,22996.05,3285.15,395,56.42857142857143
Electronics,347995.3,49713.614285714284,470,67.14285714285714
Home,29446.85,4907.808333333333,315,52.5
